COMERCIAL|COMERCIAL
FINANZAS|CONTABILIDAD
FINANZAS|IMPUESTOS
FINANZAS|TESORERIA
LEGAL|RELACIONES LABORALES
NEGOCIOS|NEGOCIOS
OPERACIONES|MULTISECTOR
OPERACIONES|OPERACIONES
OPERACIONES|PLANEACION
OPERACIONES|TELEFONICA
OPERACIONES|US NEARSHORE
RECURSOS HUMANOS|BIENESTAR SOCIAL
RECURSOS HUMANOS|CAPACITACION Y DESARROLLO
RECURSOS HUMANOS|COMUNICACIÃ“N
RECURSOS HUMANOS|NOMINAS
RECURSOS HUMANOS|RECEPCION
RECURSOS HUMANOS|RECLUTAMIENTO
RECURSOS HUMANOS|RECURSOS HUMANOS
TECNOLOGIA|DESARROLLO DE SISTEMAS
TECNOLOGIA|IT
TECNOLOGIA|SEGURIDAD INFORMATICA
TECNOLOGIA|SERVICIOS GENERALES
TECNOLOGIA|TECNOLOGIA